epoch,step,train_acc,train_loss,val_acc,val_loss
0,1,,,0.4878048896789551,1.1826170682907104
0,1,0.5091575384140015,0.9763458371162415,,
